{
  "project_info": {
    "project_number": "71324222498",
    "firebase_url": "https://tiel-5523b.firebaseio.com",
    "project_id": "tiel-5523b",
    "storage_bucket": "tiel-5523b.appspot.com"
  },
  "client": [
    {
      "client_info": {
        "mobilesdk_app_id": "1:71324222498:android:82696fa0a3dc8c64",
        "android_client_info": {
          "package_name": "com.example.user.tl"
        }
      },
      "oauth_client": [
        {
          "client_id": "71324222498-sv5gfrhhj3b7mrq12vhl8gs59bmtn1pr.apps.googleusercontent.com",
          "client_type": 1,
          "android_info": {
            "package_name": "com.example.user.tl",
            "certificate_hash": "fb3c0b6ca082d039de06f0dd8bda2330126c2858"
          }
        }
      ],
      "api_key": [
        {
          "current_key": "AIzaSyDAFeR8S7oLS_PdH4rUSnVZh18Y4DMADQ8"
        }
      ],
      "services": {
        "appinvite_service": {
          "other_platform_oauth_client": [
            {
              "client_id": "71324222498-quc4frmpn45cr8j55t00p9bf5pmpu3bg.apps.googleusercontent.com",
              "client_type": 3
            }
          ]
        }
      }
    }
  ],
  "configuration_version": "1"
}